{"cameraMode":{"drawMode":0,"name":"Shaded","section":"Shading Mode"},"sceneLighting":true,"audioPlay":false,"sceneViewState":{"showFog":true,"showMaterialUpdate":false,"showSkybox":true,"showFlares":true,"showImageEffects":true,"showParticleSystems":true,"showVisualEffectGraphs":true,"m_FxEnabled":true},"in2DMode":false,"pivot":{"x":-5.624502182006836,"y":-25.9871826171875,"z":-35.620452880859378},"rotation":{"x":0.14826063811779023,"y":-0.0014880095841363073,"z":0.00022297397663351148,"w":0.9889461398124695},"size":283.87591552734377,"orthographic":false}